54739898	G05_1_A_mg.fastq.1.gz.counts
12638116	G05_1_A_mg.pear.fastq.gz.counts
20253243	G05_1_A_mt.R1.fastq.merged.ribodepleted.fastq.gz.counts
62241533	G05_1_B_mg.fastq.1.gz.counts
21374373	G05_1_B_mg.pear.fastq.gz.counts
21161354	G05_1_B_mt.R1.fastq.merged.ribodepleted.fastq.gz.counts
64860185	G05_1_C_mg.fastq.1.gz.counts
13025266	G05_1_C_mg.pear.fastq.gz.counts
20117698	G05_1_C_mt.R1.fastq.merged.ribodepleted.fastq.gz.counts
67363154	G05_1_D_mg.fastq.1.gz.counts
14448047	G05_1_D_mg.pear.fastq.gz.counts
29852751	G05_1_D_mt.R1.fastq.merged.ribodepleted.fastq.gz.counts
67203452	G05_1_E_mg.fastq.1.gz.counts
10603606	G05_1_E_mg.pear.fastq.gz.counts
26491798	G05_1_E_mt.R1.fastq.merged.ribodepleted.fastq.gz.counts
54411340	G05_1_F_mg.fastq.1.gz.counts
15908924	G05_1_F_mg.pear.fastq.gz.counts
24293123	G05_1_F_mt.R1.fastq.merged.ribodepleted.fastq.gz.counts
80979673	G05_2_A_mg.fastq.1.gz.counts
14138706	G05_2_A_mg.pear.fastq.gz.counts
44165259	G05_2_A_mt.R1.fastq.merged.ribodepleted.fastq.gz.counts
71479501	G05_2_B_mg.fastq.1.gz.counts
10135997	G05_2_B_mg.pear.fastq.gz.counts
44086485	G05_2_B_mt.R1.fastq.merged.ribodepleted.fastq.gz.counts
72460665	G05_2_C_mg.fastq.1.gz.counts
13262483	G05_2_C_mg.pear.fastq.gz.counts
54652786	G05_2_C_mt.R1.fastq.merged.ribodepleted.fastq.gz.counts
49164893	G05_2_D_mt.R1.fastq.merged.ribodepleted.fastq.gz.counts
47817172	G05_2_E_mg.fastq.1.gz.counts
8825059	G05_2_E_mg.pear.fastq.gz.counts
35827721	G05_2_E_mt.R1.fastq.merged.ribodepleted.fastq.gz.counts
55231282	G05_2_F_mg.fastq.1.gz.counts
13287899	G05_2_F_mg.pear.fastq.gz.counts
44357095	G05_2_F_mt.R1.fastq.merged.ribodepleted.fastq.gz.counts
88613465	G05_3_A_mg.fastq.1.gz.counts
21825304	G05_3_A_mg.pear.fastq.gz.counts
27470976	G05_3_A_mt.R1.fastq.merged.ribodepleted.fastq.gz.counts
55228424	G05_3_B_mg.fastq.1.gz.counts
16056706	G05_3_B_mg.pear.fastq.gz.counts
25940710	G05_3_B_mt.R1.fastq.merged.ribodepleted.fastq.gz.counts
66931075	G05_3_C_mg.fastq.1.gz.counts
21684487	G05_3_C_mg.pear.fastq.gz.counts
33714568	G05_3_C_mt.R1.fastq.merged.ribodepleted.fastq.gz.counts
52180812	G05_3_D_mg.fastq.1.gz.counts
12386415	G05_3_D_mg.pear.fastq.gz.counts
27586402	G05_3_D_mt.R1.fastq.merged.ribodepleted.fastq.gz.counts
53869197	G05_3_E_mg.fastq.1.gz.counts
14537033	G05_3_E_mg.pear.fastq.gz.counts
30811035	G05_3_E_mt.R1.fastq.merged.ribodepleted.fastq.gz.counts
58467248	G05_3_F_mg.fastq.1.gz.counts
13875784	G05_3_F_mg.pear.fastq.gz.counts
26870685	G05_3_F_mt.R1.fastq.merged.ribodepleted.fastq.gz.counts
56339740	G05_4_A_mg.fastq.1.gz.counts
13514285	G05_4_A_mg.pear.fastq.gz.counts
78812300	G05_4_B_mg.fastq.1.gz.counts
18983323	G05_4_B_mg.pear.fastq.gz.counts
23930039	G05_4_B_mt.R1.fastq.merged.ribodepleted.fastq.gz.counts
25703995	G05_4_C_mt.R1.fastq.merged.ribodepleted.fastq.gz.counts
46556143	G05_4_D_mg.fastq.1.gz.counts
8650128	G05_4_D_mg.pear.fastq.gz.counts
39065973	G05_4_D_mt.R1.fastq.merged.ribodepleted.fastq.gz.counts
49916905	G05_4_E_mg.fastq.1.gz.counts
14834129	G05_4_E_mg.pear.fastq.gz.counts
28202708	G05_4_E_mt.R1.fastq.merged.ribodepleted.fastq.gz.counts
56685323	G05_4_F_mg.fastq.1.gz.counts
14548817	G05_4_F_mg.pear.fastq.gz.counts
41829536	G05_4_F_mt.R1.fastq.merged.ribodepleted.fastq.gz.counts
75500344	G05_5_A_mg.fastq.1.gz.counts
14822410	G05_5_A_mg.pear.fastq.gz.counts
26574973	G05_5_A_mt.R1.fastq.merged.ribodepleted.fastq.gz.counts
62263368	G05_5_B_mg.fastq.1.gz.counts
13759541	G05_5_B_mg.pear.fastq.gz.counts
27061609	G05_5_B_mt.R1.fastq.merged.ribodepleted.fastq.gz.counts
53777769	G05_5_C_mg.fastq.1.gz.counts
13191572	G05_5_C_mg.pear.fastq.gz.counts
41826988	G05_5_C_mt.R1.fastq.merged.ribodepleted.fastq.gz.counts
70955814	G05_5_D_mg.fastq.1.gz.counts
13401325	G05_5_D_mg.pear.fastq.gz.counts
37381318	G05_5_D_mt.R1.fastq.merged.ribodepleted.fastq.gz.counts
59526042	G05_5_E_mg.fastq.1.gz.counts
12457375	G05_5_E_mg.pear.fastq.gz.counts
27492138	G05_5_E_mt.R1.fastq.merged.ribodepleted.fastq.gz.counts
67715176	G05_5_F_mg.fastq.1.gz.counts
14796045	G05_5_F_mg.pear.fastq.gz.counts
39643497	G05_5_F_mt.R1.fastq.merged.ribodepleted.fastq.gz.counts
80109421	G05_6_A_mg.fastq.1.gz.counts
24574503	G05_6_A_mg.pear.fastq.gz.counts
18539077	G05_6_A_mt.R1.fastq.merged.ribodepleted.fastq.gz.counts
65949672	G05_6_B_mg.fastq.1.gz.counts
20500852	G05_6_B_mg.pear.fastq.gz.counts
17274274	G05_6_B_mt.R1.fastq.merged.ribodepleted.fastq.gz.counts
59982982	G05_6_C_mg.fastq.1.gz.counts
18045771	G05_6_C_mg.pear.fastq.gz.counts
21397735	G05_6_C_mt.R1.fastq.merged.ribodepleted.fastq.gz.counts
81961453	G05_6_D_mg.fastq.1.gz.counts
26986446	G05_6_D_mg.pear.fastq.gz.counts
41659847	G05_6_D_mt.R1.fastq.merged.ribodepleted.fastq.gz.counts
65284501	G05_6_E_mg.fastq.1.gz.counts
18161760	G05_6_E_mg.pear.fastq.gz.counts
34355279	G05_6_E_mt.R1.fastq.merged.ribodepleted.fastq.gz.counts
81232189	G05_6_F_mg.fastq.1.gz.counts
21249740	G05_6_F_mg.pear.fastq.gz.counts
30770777	G05_6_F_mt.R1.fastq.merged.ribodepleted.fastq.gz.counts
51673994	G05_7_A_mg.fastq.1.gz.counts
14473788	G05_7_A_mg.pear.fastq.gz.counts
4005013	G05_7_A_mt.R1.fastq.merged.ribodepleted.fastq.gz.counts
47467301	G05_7_B_mg.fastq.1.gz.counts
13295776	G05_7_B_mg.pear.fastq.gz.counts
3001774	G05_7_B_mt.R1.fastq.merged.ribodepleted.fastq.gz.counts
65358359	G05_7_C_mg.fastq.1.gz.counts
19042498	G05_7_C_mg.pear.fastq.gz.counts
29025468	G05_7_C_mt.R1.fastq.merged.ribodepleted.fastq.gz.counts
50819729	G10_1_A_mg.fastq.1.gz.counts
7627932	G10_1_A_mg.pear.fastq.gz.counts
15092764	G10_1_A_mt.R1.fastq.merged.ribodepleted.fastq.gz.counts
63445413	G10_1_B_mg.fastq.1.gz.counts
9120891	G10_1_B_mg.pear.fastq.gz.counts
42057620	G10_1_B_mt.R1.fastq.merged.ribodepleted.fastq.gz.counts
70284466	G10_1_C_mg.fastq.1.gz.counts
15564088	G10_1_C_mg.pear.fastq.gz.counts
23247077	G10_1_C_mt.R1.fastq.merged.ribodepleted.fastq.gz.counts
63591066	G10_1_D_mg.fastq.1.gz.counts
13645173	G10_1_D_mg.pear.fastq.gz.counts
64172797	G10_1_D_mt.R1.fastq.merged.ribodepleted.fastq.gz.counts
66240705	G10_1_E_mg.fastq.1.gz.counts
13530623	G10_1_E_mg.pear.fastq.gz.counts
28647553	G10_1_E_mt.R1.fastq.merged.ribodepleted.fastq.gz.counts
58121532	G10_1_F_mg.fastq.1.gz.counts
13836029	G10_1_F_mg.pear.fastq.gz.counts
15209958	G10_1_F_mt.R1.fastq.merged.ribodepleted.fastq.gz.counts
59514778	G10_2_A_mg.fastq.1.gz.counts
15810270	G10_2_A_mg.pear.fastq.gz.counts
51479439	G10_2_A_mt.R1.fastq.merged.ribodepleted.fastq.gz.counts
79301572	G10_2_B_mg.fastq.1.gz.counts
14778213	G10_2_B_mg.pear.fastq.gz.counts
45014056	G10_2_B_mt.R1.fastq.merged.ribodepleted.fastq.gz.counts
71785811	G10_2_C_mg.fastq.1.gz.counts
12875962	G10_2_C_mg.pear.fastq.gz.counts
52536156	G10_2_C_mt.R1.fastq.merged.ribodepleted.fastq.gz.counts
59526258	G10_2_D_mg.fastq.1.gz.counts
9620507	G10_2_D_mg.pear.fastq.gz.counts
56632666	G10_2_D_mt.R1.fastq.merged.ribodepleted.fastq.gz.counts
54233124	G10_2_E_mg.fastq.1.gz.counts
8071842	G10_2_E_mg.pear.fastq.gz.counts
53161458	G10_2_E_mt.R1.fastq.merged.ribodepleted.fastq.gz.counts
67893557	G10_2_F_mg.fastq.1.gz.counts
13476765	G10_2_F_mg.pear.fastq.gz.counts
52799616	G10_2_F_mt.R1.fastq.merged.ribodepleted.fastq.gz.counts
59918762	G10_3_A_mg.fastq.1.gz.counts
14793987	G10_3_A_mg.pear.fastq.gz.counts
34242852	G10_3_A_mt.R1.fastq.merged.ribodepleted.fastq.gz.counts
56186199	G10_3_B_mg.fastq.1.gz.counts
15466844	G10_3_B_mg.pear.fastq.gz.counts
36134211	G10_3_B_mt.R1.fastq.merged.ribodepleted.fastq.gz.counts
84093652	G10_3_C_mg.fastq.1.gz.counts
27404504	G10_3_C_mg.pear.fastq.gz.counts
30502069	G10_3_C_mt.R1.fastq.merged.ribodepleted.fastq.gz.counts
79772399	G10_3_D_mg.fastq.1.gz.counts
24507774	G10_3_D_mg.pear.fastq.gz.counts
33100284	G10_3_D_mt.R1.fastq.merged.ribodepleted.fastq.gz.counts
54426584	G10_3_E_mg.fastq.1.gz.counts
10822787	G10_3_E_mg.pear.fastq.gz.counts
15125686	G10_3_E_mt.R1.fastq.merged.ribodepleted.fastq.gz.counts
82952424	G10_3_F_mg.fastq.1.gz.counts
16868693	G10_3_F_mg.pear.fastq.gz.counts
12436472	G10_3_F_mt.R1.fastq.merged.ribodepleted.fastq.gz.counts
51951881	G10_4_A_mg.fastq.1.gz.counts
12374186	G10_4_A_mg.pear.fastq.gz.counts
21187832	G10_4_A_mt.R1.fastq.merged.ribodepleted.fastq.gz.counts
45661171	G10_4_B_mg.fastq.1.gz.counts
11316015	G10_4_B_mg.pear.fastq.gz.counts
23372927	G10_4_B_mt.R1.fastq.merged.ribodepleted.fastq.gz.counts
74881101	G10_4_C_mg.fastq.1.gz.counts
14285993	G10_4_C_mg.pear.fastq.gz.counts
16803388	G10_4_C_mt.R1.fastq.merged.ribodepleted.fastq.gz.counts
67826925	G10_4_D_mg.fastq.1.gz.counts
17503764	G10_4_D_mg.pear.fastq.gz.counts
35957589	G10_4_D_mt.R1.fastq.merged.ribodepleted.fastq.gz.counts
60587322	G10_4_E_mg.fastq.1.gz.counts
18361103	G10_4_E_mg.pear.fastq.gz.counts
20025946	G10_4_E_mt.R1.fastq.merged.ribodepleted.fastq.gz.counts
54988119	G10_4_F_mg.fastq.1.gz.counts
9071167	G10_4_F_mg.pear.fastq.gz.counts
28884902	G10_4_F_mt.R1.fastq.merged.ribodepleted.fastq.gz.counts
58580339	G10_5_A_mg.fastq.1.gz.counts
14391636	G10_5_A_mg.pear.fastq.gz.counts
27419165	G10_5_A_mt.R1.fastq.merged.ribodepleted.fastq.gz.counts
75073458	G10_5_B_mg.fastq.1.gz.counts
16884440	G10_5_B_mg.pear.fastq.gz.counts
33638388	G10_5_B_mt.R1.fastq.merged.ribodepleted.fastq.gz.counts
83293792	G10_5_C_mg.fastq.1.gz.counts
15727384	G10_5_C_mg.pear.fastq.gz.counts
22847825	G10_5_C_mt.R1.fastq.merged.ribodepleted.fastq.gz.counts
72895155	G10_5_D_mg.fastq.1.gz.counts
15480677	G10_5_D_mg.pear.fastq.gz.counts
19052187	G10_5_D_mt.R1.fastq.merged.ribodepleted.fastq.gz.counts
63916908	G10_5_E_mg.fastq.1.gz.counts
12462475	G10_5_E_mg.pear.fastq.gz.counts
13448285	G10_5_E_mt.R1.fastq.merged.ribodepleted.fastq.gz.counts
51378710	G10_5_F_mg.fastq.1.gz.counts
9597269	G10_5_F_mg.pear.fastq.gz.counts
19337552	G10_5_F_mt.R1.fastq.merged.ribodepleted.fastq.gz.counts
58756910	G10_6_A_mg.fastq.1.gz.counts
17908469	G10_6_A_mg.pear.fastq.gz.counts
17761486	G10_6_A_mt.R1.fastq.merged.ribodepleted.fastq.gz.counts
50353830	G10_6_B_mg.fastq.1.gz.counts
12081953	G10_6_B_mg.pear.fastq.gz.counts
22607084	G10_6_B_mt.R1.fastq.merged.ribodepleted.fastq.gz.counts
54543411	G10_6_C_mg.fastq.1.gz.counts
15471777	G10_6_C_mg.pear.fastq.gz.counts
24902356	G10_6_C_mt.R1.fastq.merged.ribodepleted.fastq.gz.counts
69116809	G10_6_D_mg.fastq.1.gz.counts
21118652	G10_6_D_mg.pear.fastq.gz.counts
15703265	G10_6_D_mt.R1.fastq.merged.ribodepleted.fastq.gz.counts
51631261	G10_6_E_mg.fastq.1.gz.counts
13338667	G10_6_E_mg.pear.fastq.gz.counts
22252972	G10_6_E_mt.R1.fastq.merged.ribodepleted.fastq.gz.counts
41203173	G10_6_F_mg.fastq.1.gz.counts
12851901	G10_6_F_mg.pear.fastq.gz.counts
14468079	G10_6_F_mt.R1.fastq.merged.ribodepleted.fastq.gz.counts
59388764	G10_7_A_mg.fastq.1.gz.counts
20229815	G10_7_A_mg.pear.fastq.gz.counts
51604991	G10_7_B_mg.fastq.1.gz.counts
19509808	G10_7_B_mg.pear.fastq.gz.counts
21053689	G10_7_B_mt.R1.fastq.merged.ribodepleted.fastq.gz.counts
97146261	G10_7_C_mg.fastq.1.gz.counts
26275575	G10_7_C_mg.pear.fastq.gz.counts
20678117	G10_7_C_mt.R1.fastq.merged.ribodepleted.fastq.gz.counts
85431388	G10_7_E_mg.fastq.1.gz.counts
26040382	G10_7_E_mg.pear.fastq.gz.counts
18566746	G10_7_E_mt.R1.fastq.merged.ribodepleted.fastq.gz.counts
73345832	G10_7_F_mg.fastq.1.gz.counts
23304065	G10_7_F_mg.pear.fastq.gz.counts
23942460	G10_7_F_mt.R1.fastq.merged.ribodepleted.fastq.gz.counts
68793887	MES_1_A_mg.fastq.1.gz.counts
13894537	MES_1_A_mg.pear.fastq.gz.counts
65536709	MES_1_B_mg.fastq.1.gz.counts
0	MES_1_B_mg.pear.fastq.gz.counts
75241438	MES_1_C_mg.fastq.1.gz.counts
13369351	MES_1_C_mg.pear.fastq.gz.counts
16927807	MES_1_C_mt.R1.fastq.merged.ribodepleted.fastq.gz.counts
77193417	MES_1_D_mg.fastq.1.gz.counts
15025398	MES_1_D_mg.pear.fastq.gz.counts
72142265	MES_1_E_mg.fastq.1.gz.counts
10376407	MES_1_E_mg.pear.fastq.gz.counts
20343774	MES_1_E_mt.R1.fastq.merged.ribodepleted.fastq.gz.counts
62473955	MES_1_F_mg.fastq.1.gz.counts
6658608	MES_1_F_mg.pear.fastq.gz.counts
68456172	MES_2_A_mg.fastq.1.gz.counts
12169913	MES_2_A_mg.pear.fastq.gz.counts
16067609	MES_2_A_mt.R1.fastq.merged.ribodepleted.fastq.gz.counts
84443807	MES_2_B_mg.fastq.1.gz.counts
13394111	MES_2_B_mg.pear.fastq.gz.counts
22064986	MES_2_B_mt.R1.fastq.merged.ribodepleted.fastq.gz.counts
74918761	MES_2_C_mg.fastq.1.gz.counts
23221159	MES_2_C_mg.pear.fastq.gz.counts
20459655	MES_2_C_mt.R1.fastq.merged.ribodepleted.fastq.gz.counts
65695228	MES_2_D_mg.fastq.1.gz.counts
14844529	MES_2_D_mg.pear.fastq.gz.counts
20950790	MES_2_D_mt.R1.fastq.merged.ribodepleted.fastq.gz.counts
72272135	MES_2_E_mg.fastq.1.gz.counts
12956089	MES_2_E_mg.pear.fastq.gz.counts
10528917	MES_2_E_mt.R1.fastq.merged.ribodepleted.fastq.gz.counts
85795681	MES_2_F_mg.fastq.1.gz.counts
16104817	MES_2_F_mg.pear.fastq.gz.counts
86794244	MES_2_F_mt.R1.fastq.merged.ribodepleted.fastq.gz.counts
61907116	MES_3_A_mg.fastq.1.gz.counts
34618518	MES_3_A_mg.pear.fastq.gz.counts
29832734	MES_3_A_mt.R1.fastq.merged.ribodepleted.fastq.gz.counts
82537385	MES_3_B_mg.fastq.1.gz.counts
21196739	MES_3_B_mg.pear.fastq.gz.counts
23568591	MES_3_B_mt.R1.fastq.merged.ribodepleted.fastq.gz.counts
68696797	MES_3_C_mg.fastq.1.gz.counts
17457121	MES_3_C_mg.pear.fastq.gz.counts
12773604	MES_3_C_mt.R1.fastq.merged.ribodepleted.fastq.gz.counts
74038813	MES_3_D_mg.fastq.1.gz.counts
20031710	MES_3_D_mg.pear.fastq.gz.counts
25589200	MES_3_D_mt.R1.fastq.merged.ribodepleted.fastq.gz.counts
57001512	MES_3_E_mg.fastq.1.gz.counts
20839862	MES_3_E_mg.pear.fastq.gz.counts
53716308	MES_3_F_mg.fastq.1.gz.counts
12720222	MES_3_F_mg.pear.fastq.gz.counts
25352824	MES_3_F_mt.R1.fastq.merged.ribodepleted.fastq.gz.counts
49659567	MES_4_A_mg.fastq.1.gz.counts
20438163	MES_4_A_mg.pear.fastq.gz.counts
39996588	MES_4_A_mt.R1.fastq.merged.ribodepleted.fastq.gz.counts
53384516	MES_4_B_mg.fastq.1.gz.counts
14484282	MES_4_B_mg.pear.fastq.gz.counts
25272142	MES_4_B_mt.R1.fastq.merged.ribodepleted.fastq.gz.counts
45575608	MES_4_C_mg.fastq.1.gz.counts
12450412	MES_4_C_mg.pear.fastq.gz.counts
19052682	MES_4_C_mt.R1.fastq.merged.ribodepleted.fastq.gz.counts
58199780	MES_4_D_mg.fastq.1.gz.counts
12287230	MES_4_D_mg.pear.fastq.gz.counts
55113971	MES_4_E_mg.fastq.1.gz.counts
12217150	MES_4_E_mg.pear.fastq.gz.counts
51923554	MES_4_F_mg.fastq.1.gz.counts
11011023	MES_4_F_mg.pear.fastq.gz.counts
28960465	MES_4_F_mt.R1.fastq.merged.ribodepleted.fastq.gz.counts
49575506	MES_5_A_mg.fastq.1.gz.counts
12476978	MES_5_A_mg.pear.fastq.gz.counts
29595614	MES_5_A_mt.R1.fastq.merged.ribodepleted.fastq.gz.counts
66844193	MES_5_B_mg.fastq.1.gz.counts
16634560	MES_5_B_mg.pear.fastq.gz.counts
51244062	MES_5_B_mt.R1.fastq.merged.ribodepleted.fastq.gz.counts
81457832	MES_5_C_mg.fastq.1.gz.counts
17966547	MES_5_C_mg.pear.fastq.gz.counts
26424909	MES_5_C_mt.R1.fastq.merged.ribodepleted.fastq.gz.counts
77251331	MES_5_D_mg.fastq.1.gz.counts
29608947	MES_5_D_mg.pear.fastq.gz.counts
33613954	MES_5_D_mt.R1.fastq.merged.ribodepleted.fastq.gz.counts
53515850	MES_5_E_mg.fastq.1.gz.counts
16184722	MES_5_E_mg.pear.fastq.gz.counts
34080019	MES_5_E_mt.R1.fastq.merged.ribodepleted.fastq.gz.counts
39401562	MES_5_F_mg.fastq.1.gz.counts
7949250	MES_5_F_mg.pear.fastq.gz.counts
26098963	MES_5_F_mt.R1.fastq.merged.ribodepleted.fastq.gz.counts
43328614	MES_6_A_mg.fastq.1.gz.counts
11690510	MES_6_A_mg.pear.fastq.gz.counts
20709149	MES_6_A_mt.R1.fastq.merged.ribodepleted.fastq.gz.counts
36924722	MES_6_B_mg.fastq.1.gz.counts
11178592	MES_6_B_mg.pear.fastq.gz.counts
26637113	MES_6_B_mt.R1.fastq.merged.ribodepleted.fastq.gz.counts
61922520	MES_6_C_mg.fastq.1.gz.counts
15715703	MES_6_C_mg.pear.fastq.gz.counts
25777877	MES_6_C_mt.R1.fastq.merged.ribodepleted.fastq.gz.counts
46065224	MES_6_D_mg.fastq.1.gz.counts
10897246	MES_6_D_mg.pear.fastq.gz.counts
38889894	MES_6_D_mt.R1.fastq.merged.ribodepleted.fastq.gz.counts
40815057	MES_6_E_mg.fastq.1.gz.counts
12724552	MES_6_E_mg.pear.fastq.gz.counts
28190577	MES_6_E_mt.R1.fastq.merged.ribodepleted.fastq.gz.counts
46572684	MES_6_F_mg.fastq.1.gz.counts
7276033	MES_6_F_mg.pear.fastq.gz.counts
56403007	MES_7_A_mg.fastq.1.gz.counts
17435878	MES_7_A_mg.pear.fastq.gz.counts
51403903	MES_7_A_mt.R1.fastq.merged.ribodepleted.fastq.gz.counts
41192552	MES_7_B_mg.fastq.1.gz.counts
17212211	MES_7_B_mg.pear.fastq.gz.counts
30306623	MES_7_B_mt.R1.fastq.merged.ribodepleted.fastq.gz.counts
57667361	MES_7_C_mg.fastq.1.gz.counts
13249979	MES_7_C_mg.pear.fastq.gz.counts
26102106	MES_7_C_mt.R1.fastq.merged.ribodepleted.fastq.gz.counts
56945590	MES_7_D_mg.fastq.1.gz.counts
14340453	MES_7_D_mg.pear.fastq.gz.counts
38453535	MES_7_D_mt.R1.fastq.merged.ribodepleted.fastq.gz.counts
57604583	MES_7_E_mg.fastq.1.gz.counts
15906459	MES_7_E_mg.pear.fastq.gz.counts
21413569	MES_7_E_mt.R1.fastq.merged.ribodepleted.fastq.gz.counts
58967671	MES_7_F_mg.fastq.1.gz.counts
16199360	MES_7_F_mg.pear.fastq.gz.counts
1681960	MES_7_F_mt.R1.fastq.merged.ribodepleted.fastq.gz.counts
49724031	pH10_1_A_mg.fastq.1.gz.counts
8762658	pH10_1_A_mg.pear.fastq.gz.counts
25942665	pH10_1_A_mt.R1.fastq.merged.ribodepleted.fastq.gz.counts
62269243	pH10_1_B_mg.fastq.1.gz.counts
9870987	pH10_1_B_mg.pear.fastq.gz.counts
56307838	pH10_1_C_mg.fastq.1.gz.counts
8059150	pH10_1_C_mg.pear.fastq.gz.counts
23737958	pH10_1_C_mt.R1.fastq.merged.ribodepleted.fastq.gz.counts
53987007	pH10_1_D_mg.fastq.1.gz.counts
5554080	pH10_1_D_mg.pear.fastq.gz.counts
27309544	pH10_1_D_mt.R1.fastq.merged.ribodepleted.fastq.gz.counts
67130461	pH10_1_E_mg.fastq.1.gz.counts
13033349	pH10_1_E_mg.pear.fastq.gz.counts
29998454	pH10_1_E_mt.R1.fastq.merged.ribodepleted.fastq.gz.counts
59370862	pH10_1_F_mg.fastq.1.gz.counts
6087710	pH10_1_F_mg.pear.fastq.gz.counts
23263505	pH10_1_F_mt.R1.fastq.merged.ribodepleted.fastq.gz.counts
67834209	pH10_2_A_mg.fastq.1.gz.counts
10133026	pH10_2_A_mg.pear.fastq.gz.counts
32469554	pH10_2_A_mt.R1.fastq.merged.ribodepleted.fastq.gz.counts
46460486	pH10_2_B_mg.fastq.1.gz.counts
10134863	pH10_2_B_mg.pear.fastq.gz.counts
42441174	pH10_2_B_mt.R1.fastq.merged.ribodepleted.fastq.gz.counts
67565506	pH10_2_C_mg.fastq.1.gz.counts
15722386	pH10_2_C_mg.pear.fastq.gz.counts
23081716	pH10_2_C_mt.R1.fastq.merged.ribodepleted.fastq.gz.counts
55900959	pH10_2_D_mg.fastq.1.gz.counts
14930644	pH10_2_D_mg.pear.fastq.gz.counts
53302766	pH10_2_D_mt.R1.fastq.merged.ribodepleted.fastq.gz.counts
62791026	pH10_2_E_mg.fastq.1.gz.counts
27059412	pH10_2_E_mg.pear.fastq.gz.counts
49250559	pH10_2_E_mt.R1.fastq.merged.ribodepleted.fastq.gz.counts
57503596	pH10_2_F_mg.fastq.1.gz.counts
12073885	pH10_2_F_mg.pear.fastq.gz.counts
35921422	pH10_2_F_mt.R1.fastq.merged.ribodepleted.fastq.gz.counts
50495027	pH10_3_A_mg.fastq.1.gz.counts
10960709	pH10_3_A_mg.pear.fastq.gz.counts
47080520	pH10_3_B_mg.fastq.1.gz.counts
9892510	pH10_3_B_mg.pear.fastq.gz.counts
64303543	pH10_3_C_mg.fastq.1.gz.counts
15411783	pH10_3_C_mg.pear.fastq.gz.counts
68691022	pH10_3_C_mt.R1.fastq.merged.ribodepleted.fastq.gz.counts
62074424	pH10_3_D_mg.fastq.1.gz.counts
11579182	pH10_3_D_mg.pear.fastq.gz.counts
59634245	pH10_3_F_mg.fastq.1.gz.counts
13263404	pH10_3_F_mg.pear.fastq.gz.counts
38338502	pH10_3_F_mt.R1.fastq.merged.ribodepleted.fastq.gz.counts
65800421	pH10_4_A_mg.fastq.1.gz.counts
15154107	pH10_4_A_mg.pear.fastq.gz.counts
57633614	pH10_4_B_mg.fastq.1.gz.counts
11530175	pH10_4_B_mg.pear.fastq.gz.counts
65819058	pH10_4_C_mg.fastq.1.gz.counts
13590934	pH10_4_C_mg.pear.fastq.gz.counts
64850117	pH10_4_D_mg.fastq.1.gz.counts
14312368	pH10_4_D_mg.pear.fastq.gz.counts
71051795	pH10_4_E_mg.fastq.1.gz.counts
14959694	pH10_4_E_mg.pear.fastq.gz.counts
102633374	pH10_4_F_mg.fastq.1.gz.counts
23860832	pH10_4_F_mg.pear.fastq.gz.counts
43314741	pH10_4_F_mt.R1.fastq.merged.ribodepleted.fastq.gz.counts
63809005	pH10_5_A_mt.R1.fastq.merged.ribodepleted.fastq.gz.counts
54777979	pH10_5_B_mt.R1.fastq.merged.ribodepleted.fastq.gz.counts
37297295	pH10_5_C_mt.R1.fastq.merged.ribodepleted.fastq.gz.counts
53676521	pH10_5_D_mt.R1.fastq.merged.ribodepleted.fastq.gz.counts
56772134	pH10_5_E_mt.R1.fastq.merged.ribodepleted.fastq.gz.counts
76507085	pH10_5_F_mg.fastq.1.gz.counts
29797626	pH10_5_F_mg.pear.fastq.gz.counts
63390526	pH10_5_F_mt.R1.fastq.merged.ribodepleted.fastq.gz.counts
44507720	pH10_6_A_mg.fastq.1.gz.counts
15050448	pH10_6_A_mg.pear.fastq.gz.counts
16972292	pH10_6_A_mt.R1.fastq.merged.ribodepleted.fastq.gz.counts
47090592	pH10_6_B_mg.fastq.1.gz.counts
14886540	pH10_6_B_mg.pear.fastq.gz.counts
20750840	pH10_6_B_mt.R1.fastq.merged.ribodepleted.fastq.gz.counts
70718566	pH10_6_C_mg.fastq.1.gz.counts
23712380	pH10_6_C_mg.pear.fastq.gz.counts
29925528	pH10_6_C_mt.R1.fastq.merged.ribodepleted.fastq.gz.counts
58980731	pH10_6_D_mg.fastq.1.gz.counts
19631618	pH10_6_D_mg.pear.fastq.gz.counts
73541961	pH10_6_E_mg.fastq.1.gz.counts
22775898	pH10_6_E_mg.pear.fastq.gz.counts
22114416	pH10_6_E_mt.R1.fastq.merged.ribodepleted.fastq.gz.counts
51103926	pH10_6_F_mg.fastq.1.gz.counts
13719486	pH10_6_F_mg.pear.fastq.gz.counts
18869843	pH10_6_F_mt.R1.fastq.merged.ribodepleted.fastq.gz.counts
65982401	pH10_7_A_mg.fastq.1.gz.counts
19835849	pH10_7_A_mg.pear.fastq.gz.counts
78965514	pH10_7_B_mg.fastq.1.gz.counts
23052085	pH10_7_B_mg.pear.fastq.gz.counts
42832048	pH10_7_B_mt.R1.fastq.merged.ribodepleted.fastq.gz.counts
81989101	pH10_7_C_mg.fastq.1.gz.counts
25591941	pH10_7_C_mg.pear.fastq.gz.counts
42924633	pH10_7_C_mt.R1.fastq.merged.ribodepleted.fastq.gz.counts
63477024	pH10_7_D_mg.fastq.1.gz.counts
18627648	pH10_7_D_mg.pear.fastq.gz.counts
25054825	pH10_7_D_mt.R1.fastq.merged.ribodepleted.fastq.gz.counts
72278280	pH10_7_E_mg.fastq.1.gz.counts
21871267	pH10_7_E_mg.pear.fastq.gz.counts
46456504	pH10_7_E_mt.R1.fastq.merged.ribodepleted.fastq.gz.counts
104160960	pH10_7_F_mg.fastq.1.gz.counts
32238385	pH10_7_F_mg.pear.fastq.gz.counts
31435208	pH10_7_F_mt.R1.fastq.merged.ribodepleted.fastq.gz.counts
69708495	pH6_1_A_mg.fastq.1.gz.counts
9134648	pH6_1_A_mg.pear.fastq.gz.counts
17275733	pH6_1_A_mt.R1.fastq.merged.ribodepleted.fastq.gz.counts
45428008	pH6_1_B_mg.fastq.1.gz.counts
7801511	pH6_1_B_mg.pear.fastq.gz.counts
12079812	pH6_1_B_mt.R1.fastq.merged.ribodepleted.fastq.gz.counts
81270287	pH6_1_C_mg.fastq.1.gz.counts
13268192	pH6_1_C_mg.pear.fastq.gz.counts
17527891	pH6_1_C_mt.R1.fastq.merged.ribodepleted.fastq.gz.counts
60217368	pH6_1_D_mg.fastq.1.gz.counts
10210528	pH6_1_D_mg.pear.fastq.gz.counts
15856520	pH6_1_D_mt.R1.fastq.merged.ribodepleted.fastq.gz.counts
65065972	pH6_1_E_mg.fastq.1.gz.counts
15845775	pH6_1_E_mg.pear.fastq.gz.counts
14034290	pH6_1_E_mt.R1.fastq.merged.ribodepleted.fastq.gz.counts
53979356	pH6_1_F_mg.fastq.1.gz.counts
11794486	pH6_1_F_mg.pear.fastq.gz.counts
3604696	pH6_1_F_mt.R1.fastq.merged.ribodepleted.fastq.gz.counts
54583240	pH6_2_A_mg.fastq.1.gz.counts
13027335	pH6_2_A_mg.pear.fastq.gz.counts
20708383	pH6_2_A_mt.R1.fastq.merged.ribodepleted.fastq.gz.counts
63293232	pH6_2_B_mg.fastq.1.gz.counts
8011903	pH6_2_B_mg.pear.fastq.gz.counts
20006862	pH6_2_B_mt.R1.fastq.merged.ribodepleted.fastq.gz.counts
72459416	pH6_2_C_mg.fastq.1.gz.counts
14639703	pH6_2_C_mg.pear.fastq.gz.counts
10603640	pH6_2_C_mt.R1.fastq.merged.ribodepleted.fastq.gz.counts
63552655	pH6_2_D_mg.fastq.1.gz.counts
11611326	pH6_2_D_mg.pear.fastq.gz.counts
23957637	pH6_2_D_mt.R1.fastq.merged.ribodepleted.fastq.gz.counts
59535647	pH6_2_E_mg.fastq.1.gz.counts
9987440	pH6_2_E_mg.pear.fastq.gz.counts
23043278	pH6_2_E_mt.R1.fastq.merged.ribodepleted.fastq.gz.counts
55376066	pH6_2_F_mg.fastq.1.gz.counts
14907267	pH6_2_F_mg.pear.fastq.gz.counts
25393472	pH6_2_F_mt.R1.fastq.merged.ribodepleted.fastq.gz.counts
62320028	pH6_3_A_mg.fastq.1.gz.counts
12961449	pH6_3_A_mg.pear.fastq.gz.counts
33971353	pH6_3_A_mt.R1.fastq.merged.ribodepleted.fastq.gz.counts
46603226	pH6_3_B_mg.fastq.1.gz.counts
8394012	pH6_3_B_mg.pear.fastq.gz.counts
43121488	pH6_3_B_mt.R1.fastq.merged.ribodepleted.fastq.gz.counts
49309931	pH6_3_C_mg.fastq.1.gz.counts
10424518	pH6_3_C_mg.pear.fastq.gz.counts
38808156	pH6_3_C_mt.R1.fastq.merged.ribodepleted.fastq.gz.counts
54672893	pH6_3_D_mg.fastq.1.gz.counts
16786011	pH6_3_D_mg.pear.fastq.gz.counts
39403074	pH6_3_D_mt.R1.fastq.merged.ribodepleted.fastq.gz.counts
75561747	pH6_3_E_mg.fastq.1.gz.counts
16718288	pH6_3_E_mg.pear.fastq.gz.counts
35346548	pH6_3_E_mt.R1.fastq.merged.ribodepleted.fastq.gz.counts
63495873	pH6_3_F_mg.fastq.1.gz.counts
17133975	pH6_3_F_mg.pear.fastq.gz.counts
33112333	pH6_3_F_mt.R1.fastq.merged.ribodepleted.fastq.gz.counts
58361701	pH6_4_A_mg.fastq.1.gz.counts
14605623	pH6_4_A_mg.pear.fastq.gz.counts
70825564	pH6_4_B_mg.fastq.1.gz.counts
9965817	pH6_4_B_mg.pear.fastq.gz.counts
41318170	pH6_4_B_mt.R1.fastq.merged.ribodepleted.fastq.gz.counts
64245631	pH6_4_C_mg.fastq.1.gz.counts
13707908	pH6_4_C_mg.pear.fastq.gz.counts
37083739	pH6_4_C_mt.R1.fastq.merged.ribodepleted.fastq.gz.counts
47056707	pH6_4_D_mg.fastq.1.gz.counts
10095928	pH6_4_D_mg.pear.fastq.gz.counts
54960028	pH6_4_E_mg.fastq.1.gz.counts
12355064	pH6_4_E_mg.pear.fastq.gz.counts
43150878	pH6_4_E_mt.R1.fastq.merged.ribodepleted.fastq.gz.counts
38177874	pH6_4_F_mg.fastq.1.gz.counts
8810974	pH6_4_F_mg.pear.fastq.gz.counts
28397513	pH6_4_F_mt.R1.fastq.merged.ribodepleted.fastq.gz.counts
43827068	pH6_5_A_mg.fastq.1.gz.counts
10392812	pH6_5_A_mg.pear.fastq.gz.counts
38405341	pH6_5_A_mt.R1.fastq.merged.ribodepleted.fastq.gz.counts
47366887	pH6_5_B_mg.fastq.1.gz.counts
10947712	pH6_5_B_mg.pear.fastq.gz.counts
31337811	pH6_5_B_mt.R1.fastq.merged.ribodepleted.fastq.gz.counts
39987160	pH6_5_C_mg.fastq.1.gz.counts
7824266	pH6_5_C_mg.pear.fastq.gz.counts
28473169	pH6_5_C_mt.R1.fastq.merged.ribodepleted.fastq.gz.counts
63135933	pH6_5_D_mg.fastq.1.gz.counts
13670351	pH6_5_D_mg.pear.fastq.gz.counts
49052564	pH6_5_D_mt.R1.fastq.merged.ribodepleted.fastq.gz.counts
63953686	pH6_5_E_mg.fastq.1.gz.counts
14038026	pH6_5_E_mg.pear.fastq.gz.counts
30208601	pH6_5_E_mt.R1.fastq.merged.ribodepleted.fastq.gz.counts
52491736	pH6_5_F_mg.fastq.1.gz.counts
11383968	pH6_5_F_mg.pear.fastq.gz.counts
35363680	pH6_5_F_mt.R1.fastq.merged.ribodepleted.fastq.gz.counts
46133191	pH6_6_A_mg.fastq.1.gz.counts
13033646	pH6_6_A_mg.pear.fastq.gz.counts
35472627	pH6_6_A_mt.R1.fastq.merged.ribodepleted.fastq.gz.counts
61100365	pH6_6_B_mg.fastq.1.gz.counts
8906600	pH6_6_B_mg.pear.fastq.gz.counts
33775455	pH6_6_B_mt.R1.fastq.merged.ribodepleted.fastq.gz.counts
22048190	pH6_6_C_mt.R1.fastq.merged.ribodepleted.fastq.gz.counts
62257581	pH6_6_D_mg.fastq.1.gz.counts
10758993	pH6_6_D_mg.pear.fastq.gz.counts
35479536	pH6_6_D_mt.R1.fastq.merged.ribodepleted.fastq.gz.counts
64663422	pH6_6_E_mg.fastq.1.gz.counts
19212363	pH6_6_E_mg.pear.fastq.gz.counts
25679748	pH6_6_E_mt.R1.fastq.merged.ribodepleted.fastq.gz.counts
52984611	pH6_6_F_mg.fastq.1.gz.counts
10966518	pH6_6_F_mg.pear.fastq.gz.counts
23532529	pH6_6_F_mt.R1.fastq.merged.ribodepleted.fastq.gz.counts
64501255	pH6_7_A_mg.fastq.1.gz.counts
15123018	pH6_7_A_mg.pear.fastq.gz.counts
19597951	pH6_7_A_mt.R1.fastq.merged.ribodepleted.fastq.gz.counts
47822745	pH6_7_B_mg.fastq.1.gz.counts
12481372	pH6_7_B_mg.pear.fastq.gz.counts
11238318	pH6_7_B_mt.R1.fastq.merged.ribodepleted.fastq.gz.counts
52874106	pH6_7_C_mg.fastq.1.gz.counts
14209141	pH6_7_C_mg.pear.fastq.gz.counts
21913491	pH6_7_C_mt.R1.fastq.merged.ribodepleted.fastq.gz.counts
57507415	pH6_7_D_mg.fastq.1.gz.counts
15328888	pH6_7_D_mg.pear.fastq.gz.counts
17705541	pH6_7_D_mt.R1.fastq.merged.ribodepleted.fastq.gz.counts
46699843	pH6_7_F_mg.fastq.1.gz.counts
14217904	pH6_7_F_mg.pear.fastq.gz.counts
22983358	pH6_7_F_mt.R1.fastq.merged.ribodepleted.fastq.gz.counts
52980582	pH8_1_A_mg.fastq.1.gz.counts
7591130	pH8_1_A_mg.pear.fastq.gz.counts
43935384	pH8_1_B_mg.fastq.1.gz.counts
9904660	pH8_1_B_mg.pear.fastq.gz.counts
28882411	pH8_1_B_mt.R1.fastq.merged.ribodepleted.fastq.gz.counts
40427546	pH8_1_C_mg.fastq.1.gz.counts
4572376	pH8_1_C_mg.pear.fastq.gz.counts
33987480	pH8_1_C_mt.R1.fastq.merged.ribodepleted.fastq.gz.counts
33581525	pH8_1_D_mg.fastq.1.gz.counts
6282605	pH8_1_D_mg.pear.fastq.gz.counts
29090152	pH8_1_D_mt.R1.fastq.merged.ribodepleted.fastq.gz.counts
58665067	pH8_1_E_mg.fastq.1.gz.counts
31212468	pH8_1_E_mg.pear.fastq.gz.counts
23040773	pH8_1_E_mt.R1.fastq.merged.ribodepleted.fastq.gz.counts
51508669	pH8_1_F_mg.fastq.1.gz.counts
33554447	pH8_1_F_mg.pear.fastq.gz.counts
30548290	pH8_1_F_mt.R1.fastq.merged.ribodepleted.fastq.gz.counts
53934323	pH8_2_A_mg.fastq.1.gz.counts
9593616	pH8_2_A_mg.pear.fastq.gz.counts
43618819	pH8_2_A_mt.R1.fastq.merged.ribodepleted.fastq.gz.counts
56264837	pH8_2_B_mg.fastq.1.gz.counts
19579907	pH8_2_B_mg.pear.fastq.gz.counts
51129684	pH8_2_B_mt.R1.fastq.merged.ribodepleted.fastq.gz.counts
40863413	pH8_2_C_mg.fastq.1.gz.counts
15340447	pH8_2_C_mg.pear.fastq.gz.counts
42942436	pH8_2_C_mt.R1.fastq.merged.ribodepleted.fastq.gz.counts
55016198	pH8_2_D_mg.fastq.1.gz.counts
10448019	pH8_2_D_mg.pear.fastq.gz.counts
25100980	pH8_2_D_mt.R1.fastq.merged.ribodepleted.fastq.gz.counts
60919262	pH8_2_E_mg.fastq.1.gz.counts
12294812	pH8_2_E_mg.pear.fastq.gz.counts
29971627	pH8_2_E_mt.R1.fastq.merged.ribodepleted.fastq.gz.counts
59683705	pH8_2_F_mg.fastq.1.gz.counts
12072507	pH8_2_F_mg.pear.fastq.gz.counts
35469099	pH8_2_F_mt.R1.fastq.merged.ribodepleted.fastq.gz.counts
56114747	pH8_3_A_mg.fastq.1.gz.counts
12319096	pH8_3_A_mg.pear.fastq.gz.counts
17250485	pH8_3_A_mt.R1.fastq.merged.ribodepleted.fastq.gz.counts
55312384	pH8_3_B_mg.fastq.1.gz.counts
12140080	pH8_3_B_mg.pear.fastq.gz.counts
53119327	pH8_3_C_mg.fastq.1.gz.counts
11050237	pH8_3_C_mg.pear.fastq.gz.counts
45944771	pH8_3_D_mg.fastq.1.gz.counts
12703056	pH8_3_D_mg.pear.fastq.gz.counts
22950846	pH8_3_D_mt.R1.fastq.merged.ribodepleted.fastq.gz.counts
55653122	pH8_3_E_mg.fastq.1.gz.counts
14460713	pH8_3_E_mg.pear.fastq.gz.counts
15985733	pH8_3_E_mt.R1.fastq.merged.ribodepleted.fastq.gz.counts
53228756	pH8_3_F_mg.fastq.1.gz.counts
10879977	pH8_3_F_mg.pear.fastq.gz.counts
29592220	pH8_3_F_mt.R1.fastq.merged.ribodepleted.fastq.gz.counts
91994375	pH8_4_A_mg.fastq.1.gz.counts
20463179	pH8_4_A_mg.pear.fastq.gz.counts
65661046	pH8_4_B_mg.fastq.1.gz.counts
13825937	pH8_4_B_mg.pear.fastq.gz.counts
52311539	pH8_4_B_mt.R1.fastq.merged.ribodepleted.fastq.gz.counts
48933477	pH8_4_C_mg.fastq.1.gz.counts
11156340	pH8_4_C_mg.pear.fastq.gz.counts
30730448	pH8_4_C_mt.R1.fastq.merged.ribodepleted.fastq.gz.counts
60237018	pH8_4_D_mg.fastq.1.gz.counts
12769124	pH8_4_D_mg.pear.fastq.gz.counts
66767643	pH8_4_E_mg.fastq.1.gz.counts
15826613	pH8_4_E_mg.pear.fastq.gz.counts
41929189	pH8_4_E_mt.R1.fastq.merged.ribodepleted.fastq.gz.counts
84547547	pH8_4_F_mg.fastq.1.gz.counts
18839978	pH8_4_F_mg.pear.fastq.gz.counts
26936086	pH8_4_F_mt.R1.fastq.merged.ribodepleted.fastq.gz.counts
63816250	pH8_5_A_mg.fastq.1.gz.counts
13614409	pH8_5_A_mg.pear.fastq.gz.counts
38293048	pH8_5_A_mt.R1.fastq.merged.ribodepleted.fastq.gz.counts
78980934	pH8_5_B_mg.fastq.1.gz.counts
18172916	pH8_5_B_mg.pear.fastq.gz.counts
39289718	pH8_5_B_mt.R1.fastq.merged.ribodepleted.fastq.gz.counts
70550966	pH8_5_C_mg.fastq.1.gz.counts
15796029	pH8_5_C_mg.pear.fastq.gz.counts
25166377	pH8_5_C_mt.R1.fastq.merged.ribodepleted.fastq.gz.counts
47887748	pH8_5_D_mg.fastq.1.gz.counts
19974559	pH8_5_D_mg.pear.fastq.gz.counts
45653678	pH8_5_D_mt.R1.fastq.merged.ribodepleted.fastq.gz.counts
82034538	pH8_5_E_mg.fastq.1.gz.counts
17541088	pH8_5_E_mg.pear.fastq.gz.counts
58781202	pH8_5_E_mt.R1.fastq.merged.ribodepleted.fastq.gz.counts
73899273	pH8_5_F_mg.fastq.1.gz.counts
16946268	pH8_5_F_mg.pear.fastq.gz.counts
54517851	pH8_5_F_mt.R1.fastq.merged.ribodepleted.fastq.gz.counts
43641568	pH8_6_A_mg.fastq.1.gz.counts
14753426	pH8_6_A_mg.pear.fastq.gz.counts
24086355	pH8_6_A_mt.R1.fastq.merged.ribodepleted.fastq.gz.counts
40938223	pH8_6_B_mg.fastq.1.gz.counts
12738937	pH8_6_B_mg.pear.fastq.gz.counts
23826894	pH8_6_B_mt.R1.fastq.merged.ribodepleted.fastq.gz.counts
38146857	pH8_6_C_mg.fastq.1.gz.counts
11529403	pH8_6_C_mg.pear.fastq.gz.counts
22551496	pH8_6_C_mt.R1.fastq.merged.ribodepleted.fastq.gz.counts
49910327	pH8_6_D_mg.fastq.1.gz.counts
12670073	pH8_6_D_mg.pear.fastq.gz.counts
25852477	pH8_6_D_mt.R1.fastq.merged.ribodepleted.fastq.gz.counts
62789810	pH8_6_E_mg.fastq.1.gz.counts
18094205	pH8_6_E_mg.pear.fastq.gz.counts
17127086	pH8_6_E_mt.R1.fastq.merged.ribodepleted.fastq.gz.counts
49181274	pH8_6_F_mg.fastq.1.gz.counts
15978746	pH8_6_F_mg.pear.fastq.gz.counts
15394025	pH8_6_F_mt.R1.fastq.merged.ribodepleted.fastq.gz.counts
82020935	pH8_7_A_mg.fastq.1.gz.counts
21213444	pH8_7_A_mg.pear.fastq.gz.counts
48075152	pH8_7_A_mt.R1.fastq.merged.ribodepleted.fastq.gz.counts
65365085	pH8_7_B_mg.fastq.1.gz.counts
19125232	pH8_7_B_mg.pear.fastq.gz.counts
38701318	pH8_7_B_mt.R1.fastq.merged.ribodepleted.fastq.gz.counts
97294107	pH8_7_C_mg.fastq.1.gz.counts
27203154	pH8_7_C_mg.pear.fastq.gz.counts
39348807	pH8_7_C_mt.R1.fastq.merged.ribodepleted.fastq.gz.counts
72165006	pH8_7_D_mg.fastq.1.gz.counts
23188491	pH8_7_D_mg.pear.fastq.gz.counts
27601667	pH8_7_D_mt.R1.fastq.merged.ribodepleted.fastq.gz.counts
90031503	pH8_7_F_mg.fastq.1.gz.counts
23964826	pH8_7_F_mg.pear.fastq.gz.counts
34269097	pH8_7_F_mt.R1.fastq.merged.ribodepleted.fastq.gz.counts
